split,accuracy,macro_f1,num_samples
validation,0.5607960199004975,0.5559540710049026,5025
test,0.5692396092702547,0.5656025952822652,5221
