{
  "Run_ID": "qwen2_5_7b_instruct_5class_fulltest",
  "Task_Type": "5_class",
  "Mode": "Prompt_Inference",
  "Model": "Qwen/Qwen2.5-7B-Instruct",
  "Batch_Size": 64,
  "Accuracy": 0.6736257421949818,
  "Macro_F1": 0.6691404928239146,
  "Valid_Prediction_Rate": 1.0,
  "Strict_Format_Rate": 1.0,
  "Off_By_1_Acc": 0.9850603332694886,
  "Adj_Error_Ratio": 0.954225352112676,
  "Mid_Confusion_Ratio": 0.13464853476345529,
  "MSE": 0.3842175828385367,
  "MAE": 0.3436123348017621,
  "Eval_Time(s)": 49.79095196723938,
  "Eval_Speed(s/s)": 104.85840888190342,
  "Confusion_Matrix": [
    [
      789,
      261,
      14,
      0,
      1
    ],
    [
      182,
      623,
      195,
      3,
      1
    ],
    [
      10,
      198,
      710,
      151,
      18
    ],
    [
      3,
      8,
      148,
      507,
      358
    ],
    [
      3,
      0,
      17,
      133,
      888
    ]
  ],
  "Classification_Report": {
    "1": {
      "precision": 0.7993920972644377,
      "recall": 0.7408450704225352,
      "f1-score": 0.7690058479532164,
      "support": 1065.0
    },
    "2": {
      "precision": 0.5715596330275229,
      "recall": 0.6205179282868526,
      "f1-score": 0.5950334288443171,
      "support": 1004.0
    },
    "3": {
      "precision": 0.6549815498154982,
      "recall": 0.6531738730450782,
      "f1-score": 0.654076462459696,
      "support": 1087.0
    },
    "4": {
      "precision": 0.6385390428211587,
      "recall": 0.4951171875,
      "f1-score": 0.5577557755775577,
      "support": 1024.0
    },
    "5": {
      "precision": 0.7014218009478673,
      "recall": 0.8530259365994236,
      "f1-score": 0.7698309492847855,
      "support": 1041.0
    },
    "accuracy": 0.6736257421949818,
    "macro avg": {
      "precision": 0.673178824775297,
      "recall": 0.6725359991707779,
      "f1-score": 0.6691404928239146,
      "support": 5221.0
    },
    "weighted avg": {
      "precision": 0.6744316173972998,
      "recall": 0.6736257421949818,
      "f1-score": 0.6703546902356714,
      "support": 5221.0
    }
  }
}