split,accuracy,macro_f1,num_samples
validation,0.5373134328358209,0.5330181949887287,5025
test,0.5324650450105344,0.5288767050607339,5221
