split,accuracy,macro_f1,num_samples
validation,0.6191044776119403,0.6196249150951949,5025
test,0.6249760582263935,0.6249630844120889,5221
