{
  "Run_ID": "deepseek_r1_distill_qwen14b_5class_fulltest",
  "Task_Type": "5_class",
  "Mode": "Prompt_Inference",
  "Model": "deepseek-ai/DeepSeek-R1-Distill-Qwen-14B",
  "Batch_Size": 16,
  "Accuracy": 0.5560433128475271,
  "Macro_F1": 0.5448198570291242,
  "Valid_Prediction_Rate": 0.6544723233097108,
  "Strict_Format_Rate": 0.45891591649109365,
  "Off_By_1_Acc": 0.8993268949370793,
  "Adj_Error_Ratio": 0.7732366512854317,
  "Mid_Confusion_Ratio": 0.16125256072578284,
  "MSE": 1.0494585894059116,
  "MAE": 0.5987708516242318,
  "Eval_Time(s)": 1783.1759746074677,
  "Eval_Speed(s/s)": 2.927921906949932,
  "Confusion_Matrix": [
    [
      372,
      139,
      42,
      14,
      49
    ],
    [
      100,
      299,
      183,
      32,
      48
    ],
    [
      18,
      95,
      361,
      178,
      91
    ],
    [
      5,
      16,
      47,
      225,
      384
    ],
    [
      7,
      6,
      16,
      47,
      643
    ]
  ],
  "Classification_Report": {
    "1": {
      "precision": 0.7410358565737052,
      "recall": 0.6038961038961039,
      "f1-score": 0.6654740608228981,
      "support": 616.0
    },
    "2": {
      "precision": 0.5387387387387388,
      "recall": 0.4516616314199396,
      "f1-score": 0.4913722267871816,
      "support": 662.0
    },
    "3": {
      "precision": 0.5562403697996918,
      "recall": 0.4858681022880215,
      "f1-score": 0.5186781609195402,
      "support": 743.0
    },
    "4": {
      "precision": 0.4536290322580645,
      "recall": 0.33234859675036926,
      "f1-score": 0.3836317135549872,
      "support": 677.0
    },
    "5": {
      "precision": 0.5292181069958848,
      "recall": 0.894297635605007,
      "f1-score": 0.6649431230610134,
      "support": 719.0
    },
    "accuracy": 0.5560433128475271,
    "macro avg": {
      "precision": 0.5637724208732171,
      "recall": 0.5536144139918882,
      "f1-score": 0.5448198570291242,
      "support": 3417.0
    },
    "weighted avg": {
      "precision": 0.5601476152251593,
      "recall": 0.5560433128475271,
      "f1-score": 0.5438721348319675,
      "support": 3417.0
    }
  }
}